{
    "Direct Stokes": [
        [
            0.5039999999999999,
            1.1670000000000003,
            4.159,
            10.999000000000004
        ],
        [
            0.32600000000000007,
            0.6239999999999999,
            3.9900000000000007,
            7.783000000000001
        ],
        [
            0.18200000000000005,
            0.4120000000000002,
            3.591000000000001,
            7.352000000000001
        ],
        [
            0.15600000000000006,
            0.3980000000000001,
            3.521,
            6.558
        ],
        [
            0.14600000000000005,
            0.396,
            3.4410000000000003,
            5.869000000000001
        ],
        [
            0.07400000000000002,
            0.21600000000000005,
            3.3890000000000002,
            5.628
        ]
    ],
    "Direct Stokes nosplit": [
        [
            0.5059999999999999,
            1.1670000000000005,
            4.182,
            11.073999999999996
        ],
        [
            0.28700000000000003,
            0.8259999999999998,
            3.878,
            10.072000000000001
        ],
        [
            0.2040000000000001,
            0.554,
            3.6139999999999994,
            8.972999999999999
        ],
        [
            0.15600000000000006,
            0.46500000000000014,
            3.508,
            8.577000000000002
        ],
        [
            0.10200000000000005,
            0.3550000000000001,
            3.464,
            8.165000000000001
        ],
        [
            0.07800000000000001,
            0.27399999999999997,
            3.3440000000000003,
            7.784000000000002
        ]
    ],
    "Iterative Stokes": [
        [
            0.49899999999999994,
            1.3250000000000006,
            4.142,
            17.672
        ],
        [
            0.30900000000000005,
            0.718,
            3.9840000000000004,
            13.559999999999999
        ],
        [
            0.18500000000000005,
            0.48500000000000004,
            3.572,
            8.958000000000002
        ],
        [
            0.15100000000000002,
            0.45000000000000007,
            3.55,
            6.815
        ],
        [
            0.15000000000000005,
            0.4780000000000002,
            3.446,
            5.536000000000001
        ],
        [
            0.07600000000000001,
            0.24400000000000005,
            3.3970000000000007,
            4.965000000000001
        ]
    ]
}