{
    "Direct Stokes": [
        [
            9.045999999999959,
            62.16099999999998,
            48.97299999999987,
            166.99800000000022
        ],
        [
            7.23800000000003,
            42.219999999999715,
            37.24000000000009,
            120.64600000000026
        ],
        [
            3.9240000000000337,
            26.90199999999991,
            28.24399999999997,
            96.2119999999998
        ],
        [
            2.603000000000005,
            20.51599999999996,
            24.554999999999975,
            74.02300000000024
        ],
        [
            2.4149999999999996,
            20.725999999999953,
            20.447000000000052,
            58.663000000000125
        ],
        [
            1.3959999999999866,
            11.479999999999917,
            17.25999999999998,
            56.29600000000012
        ]
    ],
    "Direct Stokes nosplit": [
        [
            8.958999999999957,
            61.88700000000015,
            49.12099999999999,
            166.44100000000032
        ],
        [
            4.974000000000015,
            45.0150000000003,
            35.284000000000155,
            132.79000000000067
        ],
        [
            3.372999999999982,
            31.529999999999923,
            27.06600000000004,
            103.93699999999949
        ],
        [
            2.5550000000000006,
            25.324000000000225,
            23.19700000000011,
            86.89400000000018
        ],
        [
            1.817999999999999,
            18.28800000000011,
            19.70000000000003,
            77.98899999999986
        ],
        [
            1.3839999999999868,
            16.461000000000002,
            17.489999999999988,
            70.00799999999984
        ]
    ],
    "Iterative Stokes": [
        [
            9.066999999999926,
            73.65800000000016,
            49.21600000000002,
            714.6259999999997
        ],
        [
            7.5800000000000525,
            52.874999999999794,
            39.19000000000004,
            607.7249999999999
        ],
        [
            3.945000000000028,
            32.05300000000019,
            28.25699999999994,
            345.4470000000002
        ],
        [
            2.654000000000002,
            24.799000000000056,
            24.533000000000026,
            273.13500000000033
        ],
        [
            2.4579999999999993,
            24.935000000000038,
            20.178000000000036,
            234.51899999999995
        ],
        [
            1.3809999999999867,
            13.886999999999938,
            17.762999999999977,
            204.56400000000008
        ]
    ]
}